"nombre_carrera","anio_examen_publico","mes_examen_publico","sexo","pais_nacionalidad","anio_nacimiento","anio_ingreso_carrera","promedio_al_graduarse","correlativo_estudiante"
INGENIERIA EN CIENCIAS Y SISTEMAS,"2010","02",M,GUATEMALA,"1984","2003","75","0d9bc138f65b9ff39f0f3c8b940370b7"
INGENIERIA CIVIL,"2010","02",M,GUATEMALA,"1977","1996","69","6241a6ab8bfafc95ea5c1a4a487c3406"
INGENIERIA INDUSTRIAL,"2010","02",M,GUATEMALA,"1979","1997","66","257c6b79ae01c5815633fc737b8b3604"
INGENIERIA ELECTRICA,"2010","02",M,GUATEMALA,"1985","2004","73","82bc36ec4bd15893747d9adb63b8097d"
INGENIERIA ELECTRICA,"2010","02",M,GUATEMALA,SIN INFORMACION,"2002","66",fce5d6600149c1d3a569e169755e3ce3
INGENIERIA INDUSTRIAL,"2010","02",M,GUATEMALA,"1985","2005","73","4e4ab665e007b51e1a6fe761606143b0"
INGENIERIA INDUSTRIAL,"2010","02",M,GUATEMALA,"1975","2002","65","6e2bddb0a311d690fb47f2aa7dd290aa"
INGENIERIA INDUSTRIAL,"2010","02",M,GUATEMALA,"1986","2005","76",b0ebcbdf1efbfad6c399729f96736fba
INGENIERIA CIVIL,"2010","02",M,GUATEMALA,"1985","2004","73","96fcad5090f482ac14f96d7dc3f5f734"
INGENIERIA INDUSTRIAL,"2010","02",M,GUATEMALA,"1983","2007","66",e1a05bc5405e9df7ad3e0bf9ec3a348a
INGENIERIA CIVIL,"2010","02",M,GUATEMALA,"1973","1992","68",ba41ea5efe6d752e8a12fcfa9731be9e
INGENIERIA ELECTRONICA,"2010","02",M,GUATEMALA,"1983","2002","77",afb752e926b4e612f7541e6a491a7d36
INGENIERIA ELECTRICA,"2010","02",M,GUATEMALA,"1984","2005","65","5f9a2955742ba32ae6b265212532c05f"
INGENIERIA CIVIL,"2010","02",M,GUATEMALA,"1981","2001","67","26d8f37d92b2dd643e9203b2c1c732b0"
INGENIERIA MECANICA INDUSTRIAL,"2010","02",M,GUATEMALA,"1980","1997","70","5a8caf7f1a34d08b96db02f03a2cf5a1"
INGENIERIA QUIMICA,"2010","02",M,GUATEMALA,"1984","2003","69","74220d96d9861e72afbe4e628c539379"
INGENIERIA MECANICA,"2010","02",M,GUATEMALA,"1983","2008","70","59192e581c357f3fb5e046a8c509adeb"
INGENIERIA INDUSTRIAL,"2010","02",M,GUATEMALA,"1983","2004","67","47ff852a17de432495cbdd637a68e9f6"
INGENIERIA MECANICA ELECTRICA,"2010","02",M,GUATEMALA,"1982","2002","70",f03c483101803bf692874f6716f9bb01
INGENIERIA CIVIL,"2010","02",F,GUATEMALA,"1981","2001","69","441595366f8b5190e9f909e84d0c92db"
INGENIERIA MECANICA INDUSTRIAL,"2010","02",M,GUATEMALA,"1983","2002","69","27f6bc1327526e652905a2fc99835cde"
INGENIERIA CIVIL,"2010","02",M,GUATEMALA,"1982","2002","68","023dfd4ca9d2cd4c94befad77ddb0367"
INGENIERIA INDUSTRIAL,"2010","02",M,GUATEMALA,"1984","2005","69","16832334628426bf5f4a8392ef69d36b"
INGENIERIA CIVIL,"2010","02",M,GUATEMALA,"1976","2000","68","82d50ea8b3c574463543f80cb9626388"
INGENIERIA EN CIENCIAS Y SISTEMAS,"2010","02",M,GUATEMALA,"1985","2002","71","761bcf1d7f3135f4950994a49dab7b5c"
INGENIERIA ELECTRICA,"2010","02",M,GUATEMALA,"1964","1983","67","49b7ec223ddc5f657b2e0bf4e40edee2"
INGENIERIA INDUSTRIAL,"2010","02",M,GUATEMALA,SIN INFORMACION,"1983","67","896e9aed44beb63af1cdaa5fe6aab852"
INGENIERIA ELECTRICA,"2010","02",M,GUATEMALA,"1982","2001","74","077c905e81244f4ade8e65b18e01aed9"
INGENIERIA MECANICA INDUSTRIAL,"2010","02",M,GUATEMALA,"1981","2001","68","3ec58653d677aca4a9fa2b89d198c0b0"
INGENIERIA ELECTRICA,"2010","02",M,GUATEMALA,"1985","2003","66",b5d4a089bacbbb2cbdfa5b8c72c1b7da
INGENIERIA ELECTRICA,"2010","02",M,GUATEMALA,"1981","1999","70","08047a18f71a300e71b23455572df070"
INGENIERIA INDUSTRIAL,"2010","02",M,GUATEMALA,"1986","2004","68",e07e14e6e8c758e67a34f246a50a4fd5
INGENIERIA CIVIL,"2010","02",M,GUATEMALA,"1980","2001","66",b64a830a488f2365914483364a1cd9f1
INGENIERIA INDUSTRIAL,"2010","02",M,GUATEMALA,"1981","2006",SIN INFORMACION,cf49e42cd5aefd5b5c2140478b42973e
INGENIERIA INDUSTRIAL,"2010","02",F,GUATEMALA,"1984","2005","71","88e80e433fe61a79d73b1f500b96ec6e"
INGENIERIA QUIMICA,"2010","02",F,GUATEMALA,"1985","2004","71",d82630d65bf6956b24cd8f69b60fae90
INGENIERIA INDUSTRIAL,"2010","02",M,GUATEMALA,"1984","2003","72",a7dc15e4f6eb8ce32b56f9bb2f6a8b4f
INGENIERIA CIVIL,"2010","02",M,GUATEMALA,"1978","1997","67",ee1ace73b005c392ece7efa3070a38fa
INGENIERIA MECANICA INDUSTRIAL,"2010","02",M,GUATEMALA,"1985","2003","68","3f2e5e408fa5191d15971bbd04d6ae77"
INGENIERIA INDUSTRIAL,"2010","02",M,GUATEMALA,"1985","2001","71",f6f5e1c5d300bdc558b965e7a0c7a9b0
INGENIERIA INDUSTRIAL,"2010","02",M,GUATEMALA,"1981","2005","68","664208fedaf1bf28fe44537f00b1bef3"
INGENIERIA CIVIL,"2010","03",M,GUATEMALA,"1983","2001","68","2f94f851b83c88823747c9f7e4bebf5e"
INGENIERIA EN CIENCIAS Y SISTEMAS,"2010","03",M,GUATEMALA,"1978","1997","71",d2f3e2ef15ead48d3e034906f6603dbe
INGENIERIA INDUSTRIAL,"2010","03",M,GUATEMALA,"1980","1998","69","86d5a12cffe6d14a0a029cdd7d48f385"
INGENIERIA INDUSTRIAL,"2010","03",M,GUATEMALA,"1982","2003","68","128085cd43101e5016cedc358fd02fce"
INGENIERIA INDUSTRIAL,"2010","03",M,GUATEMALA,"1981","2000","69",e50d9db318e3b49aba7ba6095542e4f2
INGENIERIA MECANICA INDUSTRIAL,"2010","03",M,GUATEMALA,"1982","2001","67","2b06f674a84aca14bf4af860fe2b6f46"
INGENIERIA ELECTRICA,"2010","03",M,GUATEMALA,SIN INFORMACION,"1999","68","6a75c5ac07154050562c4873f49b4c3a"
INGENIERIA INDUSTRIAL,"2010","03",F,GUATEMALA,"1984","2003","68","50040b9033482c6af81fc6824acf7a16"
INGENIERIA MECANICA,"2010","03",M,GUATEMALA,SIN INFORMACION,"1995","70","0c89a8e421be853f66bf78809ecb7790"
INGENIERIA INDUSTRIAL,"2010","03",M,GUATEMALA,"1976","1995","66",b6ead53c749705e98b747e532e5333a4
INGENIERIA MECANICA,"2010","03",M,GUATEMALA,"1986","2005","73","2274827ab2ac921a375c65158e8e2a36"
INGENIERIA ELECTRICA,"2010","03",F,GUATEMALA,"1979","2003","68","527a9be8031f59de3487247d7a18440f"
INGENIERIA MECANICA,"2010","03",M,GUATEMALA,"1975","1994","68","520fe0d21e405dec7278f47bb835b941"
INGENIERIA MECANICA,"2010","03",M,GUATEMALA,"1984","2007","67","279ad04e6f0139e0486ed3938afed4d4"
INGENIERIA EN CIENCIAS Y SISTEMAS,"2010","03",F,GUATEMALA,"1980","1999","70",feca18c9c5aa74130b21c59d88e947ff
INGENIERIA CIVIL,"2010","03",M,GUATEMALA,"1982","2004","68","46b4179d798fcedfa4ca19f0a972085e"
INGENIERIA CIVIL,"2010","03",M,GUATEMALA,"1979","1998","66","5439846ba8a58ded4f085c9b3654a76e"
INGENIERIA INDUSTRIAL,"2010","03",M,GUATEMALA,SIN INFORMACION,"1999","68","3e0bd0d0091cd98c342f5a8bda7c2802"
INGENIERIA INDUSTRIAL,"2010","03",M,GUATEMALA,SIN INFORMACION,"1993","67",b4d6937d0e89a41f6fc41e06b7756172
INGENIERIA QUIMICA,"2010","03",M,GUATEMALA,"1984","2003","76",dab0e4ca663b3e86520179788b5807a2
INGENIERIA EN CIENCIAS Y SISTEMAS,"2010","03",F,GUATEMALA,"1984","2003","70","6218e4b0a97065830c2738488428174e"
INGENIERIA INDUSTRIAL,"2010","03",F,GUATEMALA,"1986","2004","68","9ab7fe1be5948ee82e53b79f9218aa18"
INGENIERIA CIVIL,"2010","03",M,GUATEMALA,"1982","2000","67","725aded2539da0325f315529a64d2648"
INGENIERIA INDUSTRIAL,"2010","03",M,GUATEMALA,"1978","1997","68","573479ef1cce493a82c76f17b713239c"
INGENIERIA INDUSTRIAL,"2010","03",M,GUATEMALA,"1985","2003","67","2b252dcf00882dc9969dee5014e35b4a"
INGENIERIA ELECTRONICA,"2010","03",M,GUATEMALA,"1985","2003","70",da5d76d9ee8cb133b3b4edaf510713e5
INGENIERIA QUIMICA,"2010","03",F,GUATEMALA,"1986","2004","71",c9584cb027ca7111873b837df9cd69ec
INGENIERIA ELECTRICA,"2010","03",M,GUATEMALA,"1980","2001","71",ee06aa1dd7c365ffbd6e61996d4f4555
INGENIERIA INDUSTRIAL,"2010","03",M,GUATEMALA,"1968","1987","67","7810ad70a6af168dcd4a3fb8a72db2a1"
INGENIERIA CIVIL,"2010","03",M,GUATEMALA,"1966","1985","67","4a49da465059a3141b86aa7f36b7c681"
INGENIERIA CIVIL,"2010","03",M,GUATEMALA,"1984","2002","73","0621b181e02cd7d8e2aa9c2d7c5cbada"
INGENIERIA MECANICA,"2010","03",M,GUATEMALA,"1979","2001","66",d907378a1c3ea5e35cfe157cef8b8047
INGENIERIA MECANICA INDUSTRIAL,"2010","03",M,GUATEMALA,"1983","2003","69","0788795e21bd68d4074bd7cfd6f5f2ba"
INGENIERIA MECANICA,"2010","03",M,GUATEMALA,"1982","2001","70","0d3e7c7c17dc2c7dfba7e4dcff0290de"
INGENIERIA INDUSTRIAL,"2010","03",F,GUATEMALA,"1979","1998","69","93ef18932ea8927125d2d0bad9ab2e17"
INGENIERIA QUIMICA,"2010","03",M,GUATEMALA,"1984","2003","70","9d9a62d257c95b60ff7fa5f16480f7d5"
INGENIERIA EN CIENCIAS Y SISTEMAS,"2010","03",F,GUATEMALA,"1983","2001","71","69e3b13288dca822fea2a52626eefa68"
INGENIERIA MECANICA,"2010","03",M,GUATEMALA,"1981","2000","66","53fde3b2322caa135869e6716e1e91f9"
INGENIERIA EN CIENCIAS Y SISTEMAS,"2010","04",M,GUATEMALA,"1983","2001","71","5a30d463c918591f148f042bb720a43c"
INGENIERIA CIVIL,"2010","04",M,GUATEMALA,"1982","2002","70",e63976f51c12c5d125bf21ec432c5d00
INGENIERIA MECANICA INDUSTRIAL,"2010","04",M,GUATEMALA,"1983","2002","67","6e9b1dd6f722b2f464eca750241b2215"
INGENIERIA EN CIENCIAS Y SISTEMAS,"2010","04",M,GUATEMALA,"1984","2002","69","727cac9edc613f31ffe371683a07f45a"
INGENIERIA CIVIL,"2010","04",F,GUATEMALA,"1983","2002","67",f26b4d17c173ca9b787e4793eb5b136f
INGENIERIA MECANICA INDUSTRIAL,"2010","04",M,GUATEMALA,"1982","2001","68","2fc09c538e8ca92d34d466d810b8424d"
INGENIERIA EN CIENCIAS Y SISTEMAS,"2010","04",M,GUATEMALA,"1983","2001","70","5d175a4a00450f4fddeddbec4a434609"
INGENIERIA INDUSTRIAL,"2010","04",M,GUATEMALA,"1985","2003","71","38ec3264dbb2a671195abe1b822e9692"
INGENIERIA CIVIL,"2010","04",M,GUATEMALA,"1982",SIN INFORMACION,"70","817433de79b1e6d034b9f5b7f8235464"
INGENIERIA CIVIL,"2010","04",M,GUATEMALA,"1981","2001","67",e1a5064affb7ee86799e33a7fd6ea4a1
INGENIERIA INDUSTRIAL,"2010","04",M,GUATEMALA,"1979","2001","68","53f672b9d67843e846ca6b5341a0b299"
INGENIERIA EN CIENCIAS Y SISTEMAS,"2010","04",M,GUATEMALA,"1982","2000","68","6f8d8c18f2bcc8a6f65c8d868c2acb21"
INGENIERIA EN CIENCIAS Y SISTEMAS,"2010","04",M,GUATEMALA,"1983","2000","70","68cbd9f0887bd29c95e8e50960916f60"
INGENIERIA INDUSTRIAL,"2010","04",M,GUATEMALA,"1982","2000","68",bf821a87e0abac27fd11981c69711d34
INGENIERIA CIVIL,"2010","04",M,GUATEMALA,"1988","2005","70","4be9f0b1e2f3b390eeae59d22a4039c0"
INGENIERIA CIVIL,"2010","04",M,GUATEMALA,"1986","2005","69",b0cb1e47fdbd09c0f19a641a770149a9
INGENIERIA CIVIL,"2010","04",M,GUATEMALA,"1982","2001","68",e3a804ab526fadefc31debfcc19dacd7
INGENIERIA ELECTRONICA,"2010","04",M,GUATEMALA,SIN INFORMACION,"1987","73","34fa9e251377137f51f41fd99e4579a7"
INGENIERIA INDUSTRIAL,"2010","04",F,GUATEMALA,"1987","2005","74","7f40013b329804f1add83a49b8df381e"
INGENIERIA CIVIL,"2010","04",M,GUATEMALA,"1970",SIN INFORMACION,"70",e107380634f80a815854782d1d33d984
INGENIERIA EN CIENCIAS Y SISTEMAS,"2010","04",M,GUATEMALA,"1981","1998","68",e0f512692b2b3f1418e1bc4a17096fbf
INGENIERIA CIVIL,"2010","04",M,GUATEMALA,"1986","2004","72","03edb22166498d78d481a0b06294ed13"
INGENIERIA MECANICA INDUSTRIAL,"2010","04",M,GUATEMALA,"1979","1997","66",cc992bc0846ca996394da25129419228
INGENIERIA INDUSTRIAL,"2010","04",M,GUATEMALA,"1978","2004","67","3b5a9fa2bcaba5290043bbd27e38e0cb"
INGENIERIA CIVIL,"2010","04",M,GUATEMALA,"1986","2005","72","393c6efbc10fdda2af96340aeda65c6d"
INGENIERIA ELECTRICA,"2010","04",M,GUATEMALA,"1980","2001","66",df727bc896e3d013af1c957bed779c1f
INGENIERIA MECANICA,"2010","04",M,GUATEMALA,"1980","1998","69","528869e5ff312ba5f1177209845338e1"
INGENIERIA EN CIENCIAS Y SISTEMAS,"2010","04",M,GUATEMALA,"1980","1998","68",d80aa61d7fe5d298afe3fc3bcedfeac0
INGENIERIA MECANICA INDUSTRIAL,"2010","04",M,GUATEMALA,"1980","1999","70","0561390287596987e7c4dc9394f2bd4a"
INGENIERIA CIVIL,"2010","04",M,GUATEMALA,"1981","1999","69",ca3e179fe99b31977c55b6d5e1c19f3b
INGENIERIA ELECTRONICA,"2010","04",M,GUATEMALA,"1980","2000","69",c7490cd6ced50046e61a9aa9170706ff
INGENIERIA MECANICA,"2010","04",M,GUATEMALA,"1919","2000","73","7a07d7721ea462cc2e0d76061f71ec70"
INGENIERIA CIVIL,"2010","05",M,GUATEMALA,"1979","1997","66","44de43a62dd79c0e4126c0b18f002053"
INGENIERIA INDUSTRIAL,"2010","05",M,GUATEMALA,"1987","2005","77",c59e7d54ed57e656e2fd3eaffa778947
INGENIERIA CIVIL,"2010","05",M,GUATEMALA,"1979","1997","67","496940196dbec922271c43de39aaa74d"
INGENIERIA ELECTRICA,"2010","05",M,GUATEMALA,SIN INFORMACION,"1988","72",fdf182e63ab0f9ea675e47d2b5331f97
INGENIERIA CIVIL,"2010","05",M,GUATEMALA,SIN INFORMACION,"1996","69","0902a87cfa64e0c5e91ceebe5ee59850"
INGENIERIA MECANICA INDUSTRIAL,"2010","05",M,GUATEMALA,"1986","2004","69","555a509cd71d14be66195e0118afdbe4"
INGENIERIA CIVIL,"2010","05",M,GUATEMALA,SIN INFORMACION,"2000","70",e09a6de242e0a6e9ecb1e4302ad3b748
INGENIERIA INDUSTRIAL,"2010","05",M,GUATEMALA,"1979","1997","69",cb6111568239c1382ad4a2903ff2dc01
INGENIERIA CIVIL,"2010","05",M,GUATEMALA,"1977","1997","71",f758056fd514a5830b7ecea80f2faa92
INGENIERIA CIVIL,"2010","05",M,GUATEMALA,"1986","2004","78","557a37687b6aea25bfd6921b3a38ab54"
INGENIERIA MECANICA,"2010","05",M,GUATEMALA,"1979","2004","66","43752173e38def85a1e597bac06e8803"
INGENIERIA CIVIL,"2010","05",M,GUATEMALA,"1987","2005","75",e69b44e5f4b350e167520d6324a2e66c
INGENIERIA CIVIL,"2010","05",F,GUATEMALA,"1977","1997","70",fcc94962a33807323f86b23f0a92609e
INGENIERIA INDUSTRIAL,"2010","05",M,GUATEMALA,"1981","1999","67",af0241b2a7df1d1169b93d1e894601a4
INGENIERIA INDUSTRIAL,"2010","05",F,GUATEMALA,"1979","1999","66",d457e6ae21049d121cc8a50b4baec33d
INGENIERIA CIVIL,"2010","05",M,GUATEMALA,"1981","2002","70",c45fec18f0bbc355b7257fe22d5ee3ee
INGENIERIA CIVIL,"2010","05",M,GUATEMALA,"1979","1998","72","4e94439c385e411f184e59ebe740c0a1"
INGENIERIA EN CIENCIAS Y SISTEMAS,"2010","05",M,GUATEMALA,"1985","2003","69","2185725ee495ede474e29909d4222ccc"
INGENIERIA CIVIL,"2010","05",M,GUATEMALA,"1982","2000","67","9220d6cc2493bb33ab5429b006b0a098"
INGENIERIA INDUSTRIAL,"2010","05",M,GUATEMALA,"1978","1998","67",a8a45256a73ef7870c6bbda34ae26d5a
INGENIERIA MECANICA INDUSTRIAL,"2010","05",M,GUATEMALA,"1983","2003","71","7ec85eb17f8d7d4d048e6c3cbfcffe9d"
INGENIERIA CIVIL,"2010","05",M,GUATEMALA,SIN INFORMACION,"1984","69","3e72cafac625b25ae418d7985a60240b"
INGENIERIA ELECTRICA,"2010","05",M,GUATEMALA,"1964","1984","66","105666b8577ed199fcb29cc20dd2f060"
INGENIERIA MECANICA INDUSTRIAL,"2010","05",M,GUATEMALA,"1981","1998","68","4e02e864616ce80aca5244bb348659a4"
INGENIERIA CIVIL,"2010","05",M,GUATEMALA,"1985","2004","73","33281cc7ba86f65f187a9c15ab5f8b44"
INGENIERIA INDUSTRIAL,"2010","05",M,GUATEMALA,SIN INFORMACION,"1993","69","27ed5a1a4ebfe41417b13790c61ff8b7"
INGENIERIA QUIMICA,"2010","05",M,GUATEMALA,"1981","2001","70",cb17f75366a8984b30c6fc4bc930987c
INGENIERIA CIVIL,"2010","05",F,BELICE,"1979","2002","67","0522f36d0f4deb2b335d1150e96baef8"
INGENIERIA INDUSTRIAL,"2010","05",M,GUATEMALA,"1972","1998","68",bfcba5eebfabdfb4a73a31745ca83207
INGENIERIA MECANICA INDUSTRIAL,"2010","05",M,GUATEMALA,"1985","2004","67",d29f5cd38351455297e18c149ee1f04b
INGENIERIA QUIMICA,"2010","06",F,GUATEMALA,"1988","2005","72",b64ad63f1d625f9c5b73840f35aeefd2
INGENIERIA MECANICA,"2010","06",M,GUATEMALA,"1980","2002","69",c315cf921f85136ade0a814b00dce3ce
INGENIERIA MECANICA INDUSTRIAL,"2010","06",M,GUATEMALA,"1988","2005","81","44db6e9fef65ecee5e762eed291b13bc"
INGENIERIA INDUSTRIAL,"2010","06",F,GUATEMALA,"1987","2006","71",ebe12cbf59c3230f64e378c039c2d4e2
INGENIERIA CIVIL,"2010","06",M,GUATEMALA,"1986","2003","69","48fc993ef1e448a852c622f3896cceeb"
INGENIERIA INDUSTRIAL,"2010","06",M,GUATEMALA,"1983","2002","68","6535f952e2599e796b0f7450e54a7d8d"
INGENIERIA MECANICA,"2010","06",M,GUATEMALA,"1980","2001","69","52de17517763f456144f5a56dfbdd871"
INGENIERIA QUIMICA,"2010","06",F,GUATEMALA,"1987","2005","72",f751fa9f71568fbff8fc3cab6049728c
INGENIERIA CIVIL,"2010","06",M,GUATEMALA,"1975","1994","66","5ef626b9856225ecd50b41ea1c498a59"
INGENIERIA INDUSTRIAL,"2010","06",M,GUATEMALA,"1974","1996","68","842a5d0df5034eec00b0321d964a3bc9"
INGENIERIA INDUSTRIAL,"2010","06",M,GUATEMALA,"1980","1998","68","083406e18e955a6b32bf4071f6d36a7c"
INGENIERIA INDUSTRIAL,"2010","06",M,GUATEMALA,"1987","2006","77","9326f7999a8204c7b32b65e20333abdb"
INGENIERIA MECANICA,"2010","06",M,GUATEMALA,"1980","2001","68",a97ea0aa838c1504d7d87e071b8d89e5
INGENIERIA INDUSTRIAL,"2010","06",M,GUATEMALA,"1973","1991","68","256240030f75340bdba6809e78c070dc"
INGENIERIA INDUSTRIAL,"2010","06",M,GUATEMALA,"1987","2005","76","63f81d0e5a4ed80ce4f4310f603d9ad3"
INGENIERIA EN CIENCIAS Y SISTEMAS,"2010","06",M,GUATEMALA,"1987","2004","70",bd3498273bd9f3ff430b2b953f3250bc
INGENIERIA CIVIL,"2010","06",M,GUATEMALA,"1987","2005","80",e47468e9d8281a69007bd551a60183ca
INGENIERIA MECANICA INDUSTRIAL,"2010","06",M,GUATEMALA,"1985","2004","67","9146ad38949ae695b26e6800f53de9cc"
INGENIERIA ELECTRICA,"2010","06",M,GUATEMALA,SIN INFORMACION,"1990","68","1b01bc78804d7489d6f31cf5bb030f91"
INGENIERIA ELECTRONICA,"2010","06",M,GUATEMALA,"1985","2004","75",bf0eaa3d1f6b8fff728a7749b42af3e9
INGENIERIA INDUSTRIAL,"2010","06",F,GUATEMALA,"1983","2002","72","9a4acf8332b00b0d8511e5403ddfb189"
INGENIERIA ELECTRICA,"2010","06",M,GUATEMALA,"1975","1994","67",c919bfe6982215b64b1382a77824348f
INGENIERIA MECANICA,"2010","06",M,GUATEMALA,"1985","2004","73",a62d7f74aa799b27203a8f1aacc52ac1
INGENIERIA CIVIL,"2010","06",M,GUATEMALA,"1970","1996","68","13b389ca980e6b082f136e64670aa60f"
INGENIERIA CIVIL,"2010","06",M,GUATEMALA,"1986","2004","72","8781c0d13c52e67db020588768944871"
INGENIERIA MECANICA INDUSTRIAL,"2010","06",M,GUATEMALA,"1983","2002","68","691ffb7be4e1bc8d1c33cf79b51df979"
INGENIERIA CIVIL,"2010","06",M,GUATEMALA,"1978","2003","67",ae51f3b04edd26b31ea1ecd339d79904
INGENIERIA ELECTRICA,"2010","06",M,GUATEMALA,"1981","1999","71","97e3c5df7e3c3e53cc6513d765043210"
INGENIERIA CIVIL,"2010","06",M,GUATEMALA,"1978","1997","73","2abed1558d05c925a23d5660214381cf"
INGENIERIA MECANICA ELECTRICA,"2010","06",M,GUATEMALA,"1985","2004","72","0f294941139221e33922efff429e1e82"
INGENIERIA ELECTRONICA,"2010","06",M,GUATEMALA,"1985","2003","71","5cdf66a176b6fae175f71c40f5034a7c"
INGENIERIA ELECTRICA,"2010","06",M,GUATEMALA,"1984","2003","69",c581d84ae5c0022ef1404cbe33996b75
INGENIERIA MECANICA INDUSTRIAL,"2010","06",M,GUATEMALA,"1984","2003","74",c1ef84d1ade9638d1c019a03ac0f8d49
INGENIERIA EN CIENCIAS Y SISTEMAS,"2010","06",M,GUATEMALA,"1977","1995","67","4f44e72d33520bd8a8166f7384b9fcee"
INGENIERIA MECANICA INDUSTRIAL,"2010","06",M,GUATEMALA,"1984","2003","71",eee32cfe22ddacba7b7b908cad92e54e
INGENIERIA MECANICA INDUSTRIAL,"2010","06",M,GUATEMALA,"1978","1997","69","20ae15dd285a1181cde477bd8e7a37bc"
INGENIERIA QUIMICA,"2010","06",M,GUATEMALA,"1986","2005","88",e8ec2eedc97198cd4ba9da0cf32d2a5e
INGENIERIA INDUSTRIAL,"2010","06",M,GUATEMALA,SIN INFORMACION,"1991","67","3a7eb34dd0652703146e353bfba0e435"
INGENIERIA INDUSTRIAL,"2010","06",M,GUATEMALA,"1979","1997","69","388feecca0b94fbf84eaf809643ce3f2"
INGENIERIA QUIMICA,"2010","06",F,GUATEMALA,"1983","2002","74",ca2a10ed858c868680ea0a5b85ef2926
INGENIERIA CIVIL,"2010","06",M,GUATEMALA,"1979","2001","66",eb2d52a20e282db763c574bc21a0718b
INGENIERIA INDUSTRIAL,"2010","06",F,GUATEMALA,"1987","2005","71",d41a09a64f8e0da3ae67d9eef75400ef
INGENIERIA QUIMICA,"2010","07",M,GUATEMALA,"1983","2001","70",cf1b698192bef556e3cac3ac73c24f7e
INGENIERIA QUIMICA,"2010","07",F,GUATEMALA,"1982","2002","71",f26ed4c30db16cba356c343fe0f4fdef
INGENIERIA ELECTRONICA,"2010","07",M,GUATEMALA,"1983","2001","73",fafed51ea35d01d5d64b4c87f3b89b4a
INGENIERIA CIVIL,"2010","07",M,GUATEMALA,"1986","2005","71","57109aeee3cbae264ca62eed1fff7309"
INGENIERIA INDUSTRIAL,"2010","07",M,GUATEMALA,"1981","2007","64","189187415ebb45e2f7746cd45b19ad09"
INGENIERIA CIVIL,"2010","07",M,GUATEMALA,"1978","1999","67",eb67acc64941a033ea4a88d72f4776f7
INGENIERIA ELECTRICA,"2010","07",M,GUATEMALA,"1978","1998","71","61ed1c022f0f0e766f983d9c46474044"
INGENIERIA QUIMICA,"2010","07",M,GUATEMALA,"1986","2004","71",b6f213959cfb5c3503d7e9b6f90fdb09
INGENIERIA INDUSTRIAL,"2010","07",F,GUATEMALA,"1976","1995","67","1be5c654ae1aff9555fd6b76ad5a53d6"
INGENIERIA INDUSTRIAL,"2010","07",M,GUATEMALA,SIN INFORMACION,"1994","67",f712bf2782f8693beb945ddb189677c9
INGENIERIA MECANICA,"2010","07",M,GUATEMALA,"1974","1994","67",b6a0dceaa17f009b701d749dc3204f2f
INGENIERIA CIVIL,"2010","07",M,GUATEMALA,"1976","1995","72","4272b1eb28ffe332b2181356f28720bc"
INGENIERIA INDUSTRIAL,"2010","07",M,GUATEMALA,"1979","1997","68","15d48cae1cd8f89df5c3f52db62eb12e"
INGENIERIA INDUSTRIAL,"2010","07",F,GUATEMALA,"1980","1998","67","6e6ab23460baed265e1ba5903f3125c0"
INGENIERIA CIVIL,"2010","07",M,GUATEMALA,"1981","1999","69","2f5c582e2d39dd2f70634b89bc56b57e"
INGENIERIA MECANICA ELECTRICA,"2010","07",M,GUATEMALA,"1980","1999","69","0926789033aa18a601d2f59d975592ca"
INGENIERIA MECANICA,"2010","07",M,GUATEMALA,"1981","1999","69",e3747106d2f00db61320816788bb90fd
INGENIERIA ELECTRICA,"2010","07",M,GUATEMALA,"1919","2000","72","37ae77efeafa92f3f7b49b451d74f395"
INGENIERIA INDUSTRIAL,"2010","07",F,GUATEMALA,"1982","2003","69","18bfaefe051265cdac31ba4ddefc7fda"
INGENIERIA EN CIENCIAS Y SISTEMAS,"2010","07",M,GUATEMALA,"1982","2000","73","0d77faf9fe2cdb2428beb5dbd024c533"
INGENIERIA INDUSTRIAL,"2010","07",F,GUATEMALA,"1982","2000","70",ed21c6420e72471890929c6fa9e9feaa
INGENIERIA INDUSTRIAL,"2010","07",M,GUATEMALA,"1982","2001","66","581a0f7aa2e5a3ae62e29832658579b9"
INGENIERIA EN CIENCIAS Y SISTEMAS,"2010","07",M,GUATEMALA,"1983","2002","71","09242e46f4ef97fd4df15f6125387f4f"
INGENIERIA INDUSTRIAL,"2010","07",F,GUATEMALA,"1984","2002","68",ab6b95c8bcb780e5c45dadea9ce6f633
LICENCIATURA EN FISICA APLICADA,"2010","07",M,GUATEMALA,"1980","2003","72",f4f5007758ef9a86adba5d58273ce8bc
INGENIERIA INDUSTRIAL,"2010","07",F,GUATEMALA,"1981","2002","69",c0038df16738c2997148c521e1418d02
INGENIERIA INDUSTRIAL,"2010","07",M,GUATEMALA,"1985","2004","69","6f6d8e923ce71beecf27c253c3b4834e"
INGENIERIA MECANICA INDUSTRIAL,"2010","07",M,GUATEMALA,SIN INFORMACION,"1995","74",e0e9dffdd44ab7d078e74176d8ad8059
INGENIERIA ELECTRICA,"2010","07",M,GUATEMALA,SIN INFORMACION,"1979","70","977319ca0b4a71023bbd0a0d332a6d85"
INGENIERIA CIVIL,"2010","07",M,GUATEMALA,SIN INFORMACION,"1980","68","824ce4c53c4cdc38a5897589173a7923"
INGENIERIA CIVIL,"2010","07",M,GUATEMALA,"1965",SIN INFORMACION,"68",be6d6aab39c87b68baeb429d891a6ff6
INGENIERIA CIVIL,"2010","07",M,GUATEMALA,"1983","2003","68",e5b8fa8b16fefcd68904cd3e81582201
INGENIERIA INDUSTRIAL,"2010","07",M,GUATEMALA,"1985","2003","70","194f18c371fddaf739e21efe5874d1b4"
INGENIERIA QUIMICA,"2010","07",F,GUATEMALA,"1986","2004","73","8d4bdb399e459075da58103b09ade0a0"
INGENIERIA INDUSTRIAL,"2010","07",F,GUATEMALA,"1976","1999","67",a6a73d1885e95e254f1017d1399281c6
INGENIERIA INDUSTRIAL,"2010","07",F,GUATEMALA,"1986","2004","68","6e34fc0a54df1d288e4fc7a7fb5e15c7"
INGENIERIA QUIMICA,"2010","07",F,GUATEMALA,"1986","2004","75","69760ad64da5715c99b9e0f643d21fd6"
INGENIERIA CIVIL,"2010","07",M,GUATEMALA,"1986","2004","68","67f69ca18a8be8a239c5fac5f45a6261"
INGENIERIA INDUSTRIAL,"2010","07",M,GUATEMALA,"1985","2005","74",ab2289213de6a87ea9111ac355bd1569
INGENIERIA CIVIL,"2010","07",M,GUATEMALA,"1987","2005","72",bd8f6d965819615c825d4d965461f659
INGENIERIA CIVIL,"2010","07",M,GUATEMALA,"1986","2005","71",fc8c34447ee5cd7fff12fb5f43d01172
INGENIERIA MECANICA,"2010","07",M,GUATEMALA,"1986","2005","77",f013a733a23fdcbfd8555a5908bbc807
INGENIERIA INDUSTRIAL,"2010","07",F,GUATEMALA,"1987","2005","70","9908684150c4a745bbb6fb724305cf91"
INGENIERIA INDUSTRIAL,"2010","07",F,GUATEMALA,"1988","2006","76","538874bdb22779a27f644f599d0bd07e"
INGENIERIA CIVIL,"2010","07",M,GUATEMALA,"1987","2006","74",e05845c14413faa9e1e20afdd8e50add
INGENIERIA CIVIL,"2010","07",M,GUATEMALA,"1987","2006","78",d6d0a29d07eb6febd76130bf84d7f153
INGENIERIA CIVIL,"2010","07",M,GUATEMALA,"1981","2001","69","5805bd6a97b2a7c621b61786c202a8dc"
INGENIERIA CIVIL,"2010","07",F,GUATEMALA,"1982","2001","69","852f48a35b912f1a76b6e3d2bb464044"
INGENIERIA MECANICA,"2010","07",M,GUATEMALA,"1982","2008","68","1b0058547a13824592506cdeb105f3a2"
INGENIERIA INDUSTRIAL,"2010","07",M,GUATEMALA,SIN INFORMACION,"1993","66","0a231c41e91ec2152a89dda7a3ec40e7"
INGENIERIA INDUSTRIAL,"2010","07",M,GUATEMALA,"1983","2001","70",dbf39644c74dfc801c50494c58b062ff
INGENIERIA CIVIL,"2010","07",M,GUATEMALA,"1983","2001","67",a4560fdc9df651320a6fbf0200144c4e
INGENIERIA QUIMICA,"2010","07",F,GUATEMALA,"1981","2000","69","33aecd758df13523e0c7659899a22146"
INGENIERIA MECANICA INDUSTRIAL,"2010","07",M,GUATEMALA,"1983","2001","71",d39c6478afa8d9df0c3ef7967318066d
INGENIERIA INDUSTRIAL,"2010","07",F,GUATEMALA,"1983","2003","70","064424b243e7b1d415829eb857167397"
INGENIERIA INDUSTRIAL,"2010","07",M,GUATEMALA,"1985","2006","70",d8331a85b65ba4c3fde78fd64d30fbbd
INGENIERIA CIVIL,"2010","07",M,GUATEMALA,"1984","2003","73","1411b4f0a6ecec72055da0e6dab52964"
INGENIERIA MECANICA INDUSTRIAL,"2010","07",M,GUATEMALA,"1983","2006","68",a23799cfaaf1619e0011d87250ccdc6c
INGENIERIA CIVIL,"2010","07",M,GUATEMALA,"1984","2003","70",aa85eff52424e7141229cebe3cbaef79
INGENIERIA CIVIL,"2010","07",M,GUATEMALA,"1983","2003","68",c57d3fc29d16c96a506d1f5f1b632122
INGENIERIA EN CIENCIAS Y SISTEMAS,"2010","07",M,GUATEMALA,"1986","2004","69","0261c32b47b50de5b47ee39e5f50bd02"
INGENIERIA INDUSTRIAL,"2010","07",F,GUATEMALA,"1985","2005","72",a580eb603d2db0525fb8debcf3a5e19a
INGENIERIA MECANICA INDUSTRIAL,"2010","08",M,GUATEMALA,"1982","2000","68","2ee4cff9d763b40cf04436ade2000fa3"
INGENIERIA INDUSTRIAL,"2010","08",M,GUATEMALA,"1978","1998","67","4746d9778709fcc216753686dae8e00f"
INGENIERIA INDUSTRIAL,"2010","08",M,GUATEMALA,SIN INFORMACION,"1996","68","6eef8b918ddd79b3303fdbc22872ad7b"
INGENIERIA MECANICA,"2010","08",M,GUATEMALA,"1983","2002","67","30d30772cb985046def54a55dc77e781"
INGENIERIA CIVIL,"2010","08",M,GUATEMALA,SIN INFORMACION,SIN INFORMACION,"78","90fa9bc193d9411765c9b12a6f3e6d9c"
INGENIERIA INDUSTRIAL,"2010","08",M,GUATEMALA,"1974","1994","68",db1873c2b5af9b1c36cfa013176fdaba
INGENIERIA MECANICA INDUSTRIAL,"2010","08",M,GUATEMALA,"1988","2005","67",cd7e490242ef2ccf471b537e4fd2df08
INGENIERIA INDUSTRIAL,"2010","08",M,GUATEMALA,"1983","2005","70","04f79852fe302ba1fbe07047d855ff54"
INGENIERIA INDUSTRIAL,"2010","08",F,GUATEMALA,"1986","2005","72","6e6db7822dc970366185145a44154933"
INGENIERIA CIVIL,"2010","08",M,GUATEMALA,"1987","2005","75",dac72479bc16c3a241fecc0c3f4cbf0f
INGENIERIA INDUSTRIAL,"2010","08",M,GUATEMALA,SIN INFORMACION,"1989","68","5689313ecbd59f54556f9dabf3e163a9"
INGENIERIA INDUSTRIAL,"2010","08",M,GUATEMALA,"1973","1991","68",d3a99f6ef9788611235891184289485c
INGENIERIA INDUSTRIAL,"2010","08",M,GUATEMALA,SIN INFORMACION,"1991","66","34177496aa9e8116224b9756bb186590"
INGENIERIA INDUSTRIAL,"2010","08",M,GUATEMALA,"1982","2003","69","362717a7573c68849b8d79ff264803d7"
INGENIERIA ELECTRONICA,"2010","08",M,GUATEMALA,"1981","2000","72","4529f155f9689904e880e4afd29f88fa"
INGENIERIA CIVIL,"2010","08",M,GUATEMALA,"1983","2003","67","42990131d4ff3a05eaa7ad92b05e92df"
INGENIERIA CIVIL,"2010","08",M,GUATEMALA,"1986","2006","77","3199477e22bacce5ea6f3dbc2c8ae571"
INGENIERIA CIVIL,"2010","08",M,GUATEMALA,"1982","2001","67","72fddc359822a5a6e8bae57c612da8e8"
INGENIERIA CIVIL,"2010","08",M,GUATEMALA,"1978","1997","67","4f81cabc8e2ae75bdba11ea83da2123f"
INGENIERIA INDUSTRIAL,"2010","08",F,GUATEMALA,SIN INFORMACION,"1992","67","151f5c1f50d96ea3dbbe5d8bfa62c14c"
INGENIERIA INDUSTRIAL,"2010","08",F,GUATEMALA,"1983","2001","72",a77416a1b5079a74b6a335a781f76665
INGENIERIA INDUSTRIAL,"2010","08",M,GUATEMALA,SIN INFORMACION,"1993","71","90f55bf7ba9c3fd44c0a4b7c01d2cc74"
INGENIERIA CIVIL,"2010","08",M,GUATEMALA,"2002",SIN INFORMACION,"68","0e52c867b8826bc52b83727f8dde1a34"
INGENIERIA INDUSTRIAL,"2010","08",F,GUATEMALA,"1987","2005","69","9c6c2176ffe7d97065f566b4a31eda15"
INGENIERIA CIVIL,"2010","08",M,GUATEMALA,"1982","2003","68","9394b9d3ed53d4d60f039604e3b77115"
INGENIERIA INDUSTRIAL,"2010","08",M,GUATEMALA,"1983","2006","68","7fc8598ee417004ec027381a5f4f6e3f"
INGENIERIA EN CIENCIAS Y SISTEMAS,"2010","08",M,GUATEMALA,"1984","2003","73","9a144ef1b54765ab59b517da9e925b55"
INGENIERIA INDUSTRIAL,"2010","08",F,GUATEMALA,"1983","2002","70",da1647f387975f40d554f812e42cccaf
INGENIERIA MECANICA INDUSTRIAL,"2010","08",M,GUATEMALA,"1984","2003","68","9cf2f017780942192bf252d2adcc9c94"
INGENIERIA CIVIL,"2010","08",M,GUATEMALA,"1982","2001","71","1e66166bdd1880e3fdf1be4e3467defd"
INGENIERIA INDUSTRIAL,"2010","08",M,GUATEMALA,SIN INFORMACION,"1995","68",f3332a2a39b606e77f6fc77d91306abb
INGENIERIA CIVIL,"2010","08",M,GUATEMALA,"1984","2003","69",f815d78ba529fe355d2c59e9842ff061
INGENIERIA INDUSTRIAL,"2010","08",M,GUATEMALA,"1978","1997","66","6bf340130cf1d60210b3c44a67699fe5"
INGENIERIA MECANICA INDUSTRIAL,"2010","08",M,GUATEMALA,"1977","1996","68","6b9eda80fb063016b603e17202aa6db4"
INGENIERIA EN CIENCIAS Y SISTEMAS,"2010","08",M,GUATEMALA,"1982","2000","71",f60a83213e83d43127be59c4582d752a
INGENIERIA MECANICA,"2010","09",M,GUATEMALA,"1982","2003","66","02a582e64bbcdc9d6469da1f14e7e1a3"
INGENIERIA EN CIENCIAS Y SISTEMAS,"2010","09",M,GUATEMALA,"1983","2003","69","6929b65a91420ac284ebe1ecc114b47f"
INGENIERIA EN CIENCIAS Y SISTEMAS,"2010","09",M,GUATEMALA,"1983","2002","73","48c5ce4f0045aeb0b7d9a2fa954399c7"
INGENIERIA INDUSTRIAL,"2010","09",F,GUATEMALA,"1978","2003","68",d687aa85791bab1ec5648132b1ff12e5
INGENIERIA INDUSTRIAL,"2010","09",M,GUATEMALA,"1975","1994","68","69df41a6e077cef9d8e6a4071f778fad"
INGENIERIA QUIMICA,"2010","09",M,GUATEMALA,"1974","1992","70",f6629f97d1121612b524d70908055245
INGENIERIA QUIMICA,"2010","10",F,GUATEMALA,"1984","2003","72","1e6b04ec42f7a35f6babf463c86664ec"
INGENIERIA EN CIENCIAS Y SISTEMAS,"2010","10",M,GUATEMALA,"1983","2001","69","21fe1d6b89ca8a6cabe2fc68c0b8eead"
INGENIERIA CIVIL,"2010","10",M,GUATEMALA,"1984","2004","66",dd37d9d4f0e3327144d55e15084e028e
INGENIERIA MECANICA,"2010","10",M,GUATEMALA,"1983","2004","67",a0401eca54f84d0cb75b6107aaf4bfb2
INGENIERIA INDUSTRIAL,"2010","10",F,GUATEMALA,"1984","2002","68","16a3e08849be3f1f2f98be7202b974e7"
INGENIERIA EN CIENCIAS Y SISTEMAS,"2010","10",M,GUATEMALA,"1984","2003","70","55a2b892c0154a31bff5ed38d20b50ca"
INGENIERIA MECANICA ELECTRICA,"2010","10",M,GUATEMALA,"1983","2001","73",a97af6b9f82598a3f2e7ac0e33a71dcb
INGENIERIA MECANICA INDUSTRIAL,"2010","10",M,GUATEMALA,"1981","2003","67",b598ae9f1f0b937c503d99242b3168f0
INGENIERIA INDUSTRIAL,"2010","10",M,GUATEMALA,"1981","1999","69","7e96541c1b7e6e3cdea81b6b0e217f4b"
INGENIERIA EN CIENCIAS Y SISTEMAS,"2010","10",M,GUATEMALA,"1985","2004","70","9b4f3af4c8e7538b324a13ccf6fa7c06"
INGENIERIA INDUSTRIAL,"2010","10",M,GUATEMALA,"1980","1998","69","7f32ba78980863a28a4e38914cb64a09"
INGENIERIA INDUSTRIAL,"2010","10",F,GUATEMALA,"1986","2004","73",bece6c0b09c15f2972c48e5aa7c6fbae
INGENIERIA CIVIL,"2010","10",F,GUATEMALA,"1985","2004","71",a57e177466740c6dc68fffb4ef476967
INGENIERIA CIVIL,"2010","10",M,GUATEMALA,SIN INFORMACION,"1993","71","72987fd71728c8b2c272dbaf5fbef614"
INGENIERIA ELECTRONICA,"2010","10",F,GUATEMALA,"1977","1995","69",cbbb9108d05cd21f97827863f9478504
INGENIERIA QUIMICA,"2010","10",F,GUATEMALA,"1986","2005","75","3fe74c86a1c27d5e802a69d1bde0baef"
INGENIERIA EN CIENCIAS Y SISTEMAS,"2010","10",M,GUATEMALA,"1968","1985","72","85738808dad81ea5d235c3a84e793b27"
INGENIERIA MECANICA,"2010","10",M,GUATEMALA,"1971","1993","68","8505b17a92d5a02801c306372e373d3e"
INGENIERIA EN CIENCIAS Y SISTEMAS,"2010","10",M,GUATEMALA,"1981","2000","66","0fc14507b683133eb2883daad9180ccd"
INGENIERIA EN CIENCIAS Y SISTEMAS,"2010","10",M,GUATEMALA,"1982","2003","75","439933880700108d31b485364a6091c0"
INGENIERIA CIVIL,"2010","10",M,GUATEMALA,"1981","2000","69",eeb7dd65da1c6db61681136ad344ee99
INGENIERIA INDUSTRIAL,"2010","10",F,GUATEMALA,"1979","1997","66","3abe827c89b0b765b7e87c474121aa63"
INGENIERIA MECANICA,"2010","10",M,GUATEMALA,"1980","2000","67",b215cd785807b8ba5b095e2f4b943222
INGENIERIA MECANICA INDUSTRIAL,"2010","10",F,GUATEMALA,"1986","2004","71","41bb2c378ffbccf7cca54e852eb24b8e"
INGENIERIA INDUSTRIAL,"2010","10",F,GUATEMALA,"1986","2005","71","1a3019fd48a796c082033775acf5d4e6"
INGENIERIA INDUSTRIAL,"2010","10",M,GUATEMALA,"1982","2000","69","5384859b06b2cb381bb287d1169e92d0"
INGENIERIA CIVIL,"2010","10",M,GUATEMALA,"1985","2005","71","8ffa287e1d3961f454145a32ff3b34fd"
INGENIERIA CIVIL,"2010","10",M,GUATEMALA,"1986","2005","74",d32f01d30b612d97a1f34c3d01f23854
INGENIERIA CIVIL,"2010","10",M,GUATEMALA,"1986","2005","73","5fb682981646b160b9a15f931ea46f85"
INGENIERIA CIVIL,"2010","10",M,GUATEMALA,"1970","1989","68",be1fbc3e83847338ec2744df1b7bb602
INGENIERIA INDUSTRIAL,"2010","10",F,GUATEMALA,"1983","2002","68",c4c41b95495fa600d0f398ffe60fa648
INGENIERIA EN CIENCIAS Y SISTEMAS,"2010","10",M,GUATEMALA,"1985",SIN INFORMACION,"68","2b28d9f1c9c17d1b4a929a7cfae2fdde"
INGENIERIA QUIMICA,"2010","10",F,GUATEMALA,"1987","2006","74","3a2316945b6725b62cec77ebaaffe9b3"
INGENIERIA CIVIL,"2010","10",M,GUATEMALA,"1984","2004","68","2ade7b855b945a5fa374eea5df9fb678"
INGENIERIA INDUSTRIAL,"2010","10",M,GUATEMALA,"1983","2002","72","6f1a9833fe3cb9d513b6e7cc10b0b194"
INGENIERIA INDUSTRIAL,"2010","10",M,GUATEMALA,"1986","2005","70","7a1332bf4e767cb0bf67a8c5cd2fb2d9"
INGENIERIA INDUSTRIAL,"2010","10",M,GUATEMALA,SIN INFORMACION,"1990","65","5b48e9956278f1dc177ab1f08575f1d7"
INGENIERIA QUIMICA,"2010","10",F,GUATEMALA,"1980","1998","67","4d6bd0a06026003cd3d487db1d757354"
INGENIERIA EN CIENCIAS Y SISTEMAS,"2010","10",M,GUATEMALA,"1981","1999","69","6d958877d611ccdccd5e52847d4d90d6"
INGENIERIA CIVIL,"2010","10",M,GUATEMALA,"1983","2006","69","3382398b79e15debccffb0de3c19755d"
INGENIERIA ELECTRICA,"2010","10",M,GUATEMALA,SIN INFORMACION,"1982","67","143cf4e17d357d47c792fec3fa638a26"
INGENIERIA INDUSTRIAL,"2010","10",F,GUATEMALA,"1982","2004","68","9c74d37d4afdbba09f1d56e0385d1edf"
INGENIERIA MECANICA,"2010","10",M,GUATEMALA,"1978","1998","67",e321165176af41078b1d1b4b1fc3fbbe
INGENIERIA ELECTRICA,"2010","10",M,GUATEMALA,"1978","1997","69","32cd76745525d3b662ee7e554b4afa2d"
INGENIERIA INDUSTRIAL,"2010","10",F,GUATEMALA,SIN INFORMACION,SIN INFORMACION,"67","301619dd9197add473c1929cc71f6f2a"
INGENIERIA INDUSTRIAL,"2010","10",M,GUATEMALA,"1973","2000","65","2aa658641b0c0aea104b31dbf7ab04fe"
INGENIERIA CIVIL,"2010","10",M,GUATEMALA,"1986","2005","74","6e8fcb0d4fb10ea1bcf01e3585345532"
INGENIERIA MECANICA,"2010","10",M,GUATEMALA,SIN INFORMACION,"1988","66","08bd76408de47c6862a41e377c1d6af3"
INGENIERIA MECANICA INDUSTRIAL,"2010","10",M,GUATEMALA,"1985","2004","69","406943856798491199b1c99fb440af1c"
INGENIERIA CIVIL,"2010","10",M,GUATEMALA,"1980","2000","66",f2062a3751134d5705eec06345ce43b8
INGENIERIA CIVIL,"2010","10",M,GUATEMALA,"1978","1996","66","4bd0daeb5f1a32c09f68ea37ea4e5c6f"
INGENIERIA MECANICA INDUSTRIAL,"2010","10",M,GUATEMALA,"1985","2004","71",acaa207db4bc983be44beae483eee8f4
INGENIERIA CIVIL,"2010","11",M,GUATEMALA,"1984","2004","68",e404fe8b43e48c0e42f923207801c703
INGENIERIA QUIMICA,"2010","11",F,GUATEMALA,"1984","2003","70","088a9433991a9e92bdc53f5fe8d777c5"
INGENIERIA EN CIENCIAS Y SISTEMAS,"2010","11",M,GUATEMALA,"1987","2004","70","49687773a63ae2a44a0e4ccde39632ad"
INGENIERIA CIVIL,"2010","11",M,GUATEMALA,SIN INFORMACION,"1987","69","7dc27992de99785e349ca06a949394ec"
INGENIERIA INDUSTRIAL,"2010","11",M,GUATEMALA,"1979","2002","67",cf80a5d32ee3f1d5031926d0b733e141
INGENIERIA CIVIL,"2010","11",M,GUATEMALA,"1980","1998","68","8a8ebd62caebafac06077751daf0481b"
INGENIERIA EN CIENCIAS Y SISTEMAS,"2010","11",M,GUATEMALA,"1984","2003","69","71f61e58c4b38ac375b07a0c72479392"
INGENIERIA CIVIL,"2010","11",F,GUATEMALA,"1977","2002","71","89582f0caaa09bb5dd20912fe91a768d"
INGENIERIA EN CIENCIAS Y SISTEMAS,"2010","11",M,GUATEMALA,"1985","2003","71","03e40f33cfb83481164808bd1f7ba90d"
INGENIERIA CIVIL,"2010","11",M,GUATEMALA,"1984","2005","66",ac087be4103a1e34e0097b8f0d198480
INGENIERIA EN CIENCIAS Y SISTEMAS,"2010","11",M,GUATEMALA,"1986","2004","70",e8bfbe5f7bbf2aed20063debc55eee10
INGENIERIA INDUSTRIAL,"2010","11",M,GUATEMALA,SIN INFORMACION,"1993","69",c59a9b24dac473e89575b09d6634ceff
INGENIERIA MECANICA INDUSTRIAL,"2010","11",M,GUATEMALA,"1978","1997","67","76c537cda05f00bcb56b6c01dbd1b59a"
INGENIERIA MECANICA,"2010","11",M,GUATEMALA,"1984","2004","71","9bc94ffe04706e6916e98e7b89a558c2"
INGENIERIA EN CIENCIAS Y SISTEMAS,"2010","11",M,GUATEMALA,"1988","2005","76","6340ef852e60d28cc57e9164e902940d"
INGENIERIA CIVIL,"2010","11",M,GUATEMALA,"1987","2005","76","69c3b270b2da63b9737fd49b0f424ce3"
INGENIERIA QUIMICA,"2010","11",M,GUATEMALA,"1971","1989","69",d6444db38b23965e6f500375d9a306bc
INGENIERIA CIVIL,"2010","11",M,GUATEMALA,"1985","2005","68",b11332dd5553ed6512f7572d84d40648
INGENIERIA CIVIL,"2010","11",M,GUATEMALA,"1988","2008","71",d09ed44050fa38b4e6c2550d5166766b
INGENIERIA CIVIL,"2010","11",M,GUATEMALA,"1985","2005","78","43fdb9833fa143ea40ab6a27e693318f"
INGENIERIA MECANICA,"2010","11",M,GUATEMALA,"1985","2007","71","6cb60098e18252fe0fd8f93aba1a2267"
INGENIERIA MECANICA,"2010","11",M,GUATEMALA,"1919","2000","70",b913a101597ba192a4b2a73905329a10
INGENIERIA MECANICA,"2010","11",M,GUATEMALA,"1987","2006","70",c0886d50417154888ca7d874a2cbd1d7
INGENIERIA QUIMICA,"2010","11",F,GUATEMALA,"1986","2005","73","23dad01cdab9c4e60d649e49e2730370"
INGENIERIA CIVIL,"2010","11",M,GUATEMALA,"1984","2005","68",b844d2c8c6530392e5f9cc5e12a9062d
INGENIERIA QUIMICA,"2010","11",M,GUATEMALA,"1967","1985","69","21bad2339b77e45c3a9633e2f535c9e6"
INGENIERIA CIVIL,"2010","11",M,GUATEMALA,"1973","1992","66",bf788cf3c69419fb76f0f09972087af2
INGENIERIA INDUSTRIAL,"2010","11",M,GUATEMALA,"1984","2004","68",fceaaabeac9f7b027a219ce27bf3dd6f
INGENIERIA CIVIL,"2010","11",M,GUATEMALA,"1987","2006","76","7d133230cdc4f19a6e7312a608d4a84d"
INGENIERIA CIVIL,"2010","11",M,GUATEMALA,SIN INFORMACION,"1981","66",a6051d11d920f2b2ef62a67f3d9bc8cb
INGENIERIA INDUSTRIAL,"2010","11",M,GUATEMALA,SIN INFORMACION,"2002","67",bdf9df6a00741060ec0ee2e932135599
INGENIERIA INDUSTRIAL,"2010","11",F,GUATEMALA,"1988","2006","76",fd10ec2095f31218fb1223edb28a2f8f
INGENIERIA CIVIL,"2010","11",M,GUATEMALA,SIN INFORMACION,"1983","70","6a33d53a31fa31d842a8c5d3b1679d41"
INGENIERIA INDUSTRIAL,"2010","11",M,GUATEMALA,"1987","2005","71",a15ee3f97ad5b035a57f7b8bd2433ce0
INGENIERIA INDUSTRIAL,"2010","11",M,GUATEMALA,"1979","1997","69","296e6400a99857c7490f535ae5b43287"
INGENIERIA INDUSTRIAL,"2010","11",M,GUATEMALA,"1978","1998","68","62014f8c76ad5e3227161e945bab257a"
INGENIERIA INDUSTRIAL,"2010","11",F,GUATEMALA,"1988","2006","74","3ff86794f044429fe3621b7e832f6c2c"
INGENIERIA CIVIL,"2010","11",M,GUATEMALA,"1975","1994","68",b2c55d0128d58924d77ecf3e65aefc4d
INGENIERIA EN CIENCIAS Y SISTEMAS,"2010","11",M,GUATEMALA,"1976","1994","66","9e565a350d0d1a9ed9d95a8d8fcb7bba"
INGENIERIA INDUSTRIAL,"2010","11",M,GUATEMALA,"1977","2002","68","96b6554c7303027ad8e2199dee6488fc"
INGENIERIA INDUSTRIAL,"2010","11",F,GUATEMALA,"1984","2003","75","49e982095eb2f20b334112b23b181b6d"
INGENIERIA EN CIENCIAS Y SISTEMAS,"2010","11",M,GUATEMALA,"1984","2002","65","8940f29b61e030e853ee0253ce431ebb"
INGENIERIA INDUSTRIAL,"2010","11",F,GUATEMALA,"1984","2002","68",b78851506a3d6a0b9e538c5c5f48cf82
INGENIERIA QUIMICA,"2010","11",M,GUATEMALA,"1981","2000","72","80de85f9445acaa1f6afcf508e38e4a2"
INGENIERIA CIVIL,"2010","11",M,GUATEMALA,"1983","2001","67","248ecf0c40b343210adbbc19e2289ba0"
INGENIERIA INDUSTRIAL,"2010","11",M,GUATEMALA,"1983","2002","67","421d27368a9c4257ef5ac79f57da13a5"
INGENIERIA INDUSTRIAL,"2010","11",F,GUATEMALA,"1979","2001","67","9c10ff9b0c05ec51c944d6121573b8bc"
INGENIERIA EN CIENCIAS Y SISTEMAS,"2010","11",M,GUATEMALA,"1985","2002","72","1d787533dcbf2b99768c99e28790f0b9"
INGENIERIA INDUSTRIAL,"2010","11",M,GUATEMALA,"1982","2007","68",cf18013a2d97595f20a7f6d14f24dca9
INGENIERIA QUIMICA,"2010","11",M,GUATEMALA,"1984","2003","68","6034c6a64dabd515c0be5bb959d7144b"
INGENIERIA INDUSTRIAL,"2010","11",M,GUATEMALA,"1981","2000","66","1f3fb13c5621c1b18fa51b38380431c5"
INGENIERIA CIVIL,"2010","11",M,GUATEMALA,"1979","2000","69","6e79a2a0df221912dc9e358c4207753a"
INGENIERIA CIVIL,"2010","11",M,GUATEMALA,"1979","1997","69","8672fa348d1f6b9da5aed08961350ad7"
INGENIERIA MECANICA,"2010","11",M,GUATEMALA,"1977","1999","66","8ce7976406406ddff4040b5634580792"
INGENIERIA ELECTRONICA,"2010","11",M,GUATEMALA,SIN INFORMACION,"1996",SIN INFORMACION,c408b2e36d47758492d8fd93fcb6d89a
INGENIERIA EN CIENCIAS Y SISTEMAS,"2010","12",M,GUATEMALA,"1979","1997","67","6c33fe6e8a251854c2ee7cc3fd188837"
INGENIERIA CIVIL,"2010","12",M,GUATEMALA,"1986","2004","71",bc350ce2b2993d00cf668e7f5ccc4c3b
INGENIERIA INDUSTRIAL,"2010","12",M,GUATEMALA,"1983","2002","69",f6dedbd4ead3b39409fd10a8721cc711
INGENIERIA ELECTRONICA,"2010","12",M,GUATEMALA,"1967","1985","69","65be971ba341dfdf834453211a61debd"
INGENIERIA INDUSTRIAL,"2010","12",M,GUATEMALA,"1985","2004","66","4b6f86ba720d02f26da31c10286ea4e9"
INGENIERIA QUIMICA,"2010","12",F,GUATEMALA,"1987","2004","71",d70c36a9a78966df69969358cbb2d2c4
INGENIERIA INDUSTRIAL,"2010","12",F,GUATEMALA,"1986","2005","72",b465174fa66767445c96fe3178fea14b
INGENIERIA EN CIENCIAS Y SISTEMAS,"2010","12",M,GUATEMALA,"1986","2004","72",e005324d411d391678a9847ec2203f1a
INGENIERIA CIVIL,"2010","12",F,GUATEMALA,"1980","1997","67","347dc357c225743ae584cce3e20b20a7"
INGENIERIA CIVIL,"2010","12",M,GUATEMALA,"1983","2000","68","48a6a3a427e8ff427e907d7b669c1006"
INGENIERIA EN CIENCIAS Y SISTEMAS,"2010","12",M,GUATEMALA,"1987","2004","73",acc5f6c5ccca1de688e40cefd1bd8c10
INGENIERIA MECANICA ELECTRICA,"2010","12",M,GUATEMALA,"1986","2004","72",b6374e55a37859bd0a0fdc3f4fb06a36
INGENIERIA INDUSTRIAL,"2010","12",F,GUATEMALA,"1983","2003","70","9e0e867014fbe4b27a13df4dc7cda70a"
INGENIERIA INDUSTRIAL,"2010","12",M,GUATEMALA,"1987","2005","74","66a5914b02e89cf43784d05b35c30282"
INGENIERIA CIVIL,"2010","12",M,GUATEMALA,"1980","1999","69",afd684cf36374c4f266396616771e507
INGENIERIA INDUSTRIAL,"2010","12",M,GUATEMALA,"1972","1991","65","4075256b0c7e6d56827ab2d561305646"
INGENIERIA EN CIENCIAS Y SISTEMAS,"2010","12",M,GUATEMALA,"1975","1993","69",ad6bcf8aef808e6b95b22df919a83ab1
INGENIERIA INDUSTRIAL,"2010","12",M,GUATEMALA,"1981","2001","66",a54c67262d9c537892d430d88cbfcf2c
INGENIERIA MECANICA,"2010","12",M,GUATEMALA,"1982","2000","69","1178c2c7bb848b8ba7ebc51f2adb03b6"
INGENIERIA EN CIENCIAS Y SISTEMAS,"2010","12",M,GUATEMALA,"1986","2003","68",c1512ec6e353073a0dd1948018a43bb0
INGENIERIA INDUSTRIAL,"2010","12",M,GUATEMALA,"1986","2004","70","457b96c41df26ece2d4159731f826809"
INGENIERIA MECANICA ELECTRICA,"2010","12",M,GUATEMALA,SIN INFORMACION,"1993","71","7821f09470341b3ee8afa502ea14bd49"
INGENIERIA MECANICA INDUSTRIAL,"2010","12",M,GUATEMALA,"1985","2004","69",fe0b4100e26c17eb8e8589f89542ed3c
INGENIERIA CIVIL,"2010","12",M,GUATEMALA,"1987","2004","78",bfc82cb5804a53533f022dd91296b3fd
INGENIERIA QUIMICA,"2010","12",M,GUATEMALA,"1982","2002","69","8ad54a6ae6470dc8a98664bb9b3bfa75"
INGENIERIA QUIMICA,"2010","12",M,GUATEMALA,"1986","2005","73","61d7a28478b51061044d6e38aa1d5c07"
INGENIERIA QUIMICA,"2010","12",M,GUATEMALA,"1987","2004","67","4efc6eb551e186bafdf3d4511050763a"
INGENIERIA MECANICA INDUSTRIAL,"2010","12",M,GUATEMALA,SIN INFORMACION,"1995","68",d6f9a90c7d04ec4345f4aca6f9e9dd79
INGENIERIA ELECTRICA,"2010","12",M,GUATEMALA,"1984","2003","69","0714d5e8771bfc62d0beda6e80e67037"
INGENIERIA EN CIENCIAS Y SISTEMAS,"2010","12",M,GUATEMALA,"1985","2002","69","26a29643dfaf18eba593f97af8da1c5b"
INGENIERIA INDUSTRIAL,"2010","12",F,GUATEMALA,"1984","2006","74","235a041eae2c7f25de6455c1c2b33b74"
INGENIERIA INDUSTRIAL,"2010","12",M,GUATEMALA,SIN INFORMACION,"1981","68","3a67e36db6ba52bd9681d4391be2a5bc"
INGENIERIA INDUSTRIAL,"2010","12",M,GUATEMALA,"1983","2001","71",a9452060cd31f5ba9b990d277cf31c29
INGENIERIA CIVIL,"2010","12",M,GUATEMALA,"1986","2006","71","697d586548a0ef854c9cd92ef50f4962"
INGENIERIA EN CIENCIAS Y SISTEMAS,"2010","12",M,GUATEMALA,"1985","2005","73",b575feec57efc6bc6160c1a70d84f1d4
INGENIERIA ELECTRONICA,"2010","12",M,GUATEMALA,"1980","2002","69",fa7687656cef2fb7e0d5c1815b926e64
INGENIERIA INDUSTRIAL,"2010","12",M,GUATEMALA,"1979","2004","67",eb35e3714c108b34542295170fe3bb16
INGENIERIA CIVIL,"2010","12",F,GUATEMALA,"1981","1998","70",e5a3a8409a2fd3072f3b91f3c213519f
INGENIERIA ELECTRONICA,"2010","12",F,GUATEMALA,SIN INFORMACION,"1999","71",f411a41cdefa07f41e1058b74192f3c1
INGENIERIA EN CIENCIAS Y SISTEMAS,"2010","12",M,GUATEMALA,"1979","1998","69","9255e84abb9b2ba0fad83cd0587e9fd4"
INGENIERIA INDUSTRIAL,"2010","12",F,GUATEMALA,"1974","1997","66",d354f2fbde8c8e412c26d7fdc26f6511
INGENIERIA EN CIENCIAS Y SISTEMAS,"2010","12",M,GUATEMALA,"1978","1996","69","5cb176c1f64a4d695a8440c0bbcf715b"
INGENIERIA ELECTRICA,"2010","12",F,GUATEMALA,"1984","2003","68","6d7a37c76c3e59bad4dad0c8e7224bc3"
INGENIERIA CIVIL,"2010","12",M,GUATEMALA,"1985","2004","70",e032b36a22b03f7caa9bdfa1cdb31854
INGENIERIA ELECTRICA,"2010","12",M,GUATEMALA,"1983","2002","68","47af5bac0b4efcba4975d9961352cc6a"
INGENIERIA MECANICA,"2010","12",M,GUATEMALA,"1966","1986","71","0aafbd751991012c36f791fb3c5a03c5"
INGENIERIA CIVIL,"2010","12",M,GUATEMALA,SIN INFORMACION,"1988","64",dcf20f7969509732b451c9eba01398e3
INGENIERIA EN CIENCIAS Y SISTEMAS,"2010","12",M,GUATEMALA,"1987","2005","74","149d2111ad137b9debbf828ab2c20997"
INGENIERIA CIVIL,"2010","12",M,GUATEMALA,"1983","2003","67",aab9953e5a182034aebed02b5ede24a0
INGENIERIA INDUSTRIAL,"2010","12",M,GUATEMALA,"1987","2007","76","760246d238f6175f0efdda5df13baeef"
INGENIERIA CIVIL,"2010","12",M,GUATEMALA,"1987","2006","74","9b465a65ae6070163dc051f1c8c64f8b"
INGENIERIA EN CIENCIAS Y SISTEMAS,"2010","12",M,GUATEMALA,SIN INFORMACION,"1984","70","6d6d86f55c985aed383dbb25ceee5134"
INGENIERIA QUIMICA,"2010","12",F,GUATEMALA,"1986","2004","71","06fb7ec8fbc90da9b043c875b5a12860"
INGENIERIA INDUSTRIAL,"2010","12",F,GUATEMALA,"1987","2005","73","60ed67be44bdda94f61f810f0d7eb642"
INGENIERIA CIVIL,"2010","12",M,GUATEMALA,"1983","2002","67","809d5d33c03203fd334d416c8eca326b"
INGENIERIA MECANICA,"2010","12",M,GUATEMALA,"1988","2008","70",fd9dacae5b14c63265c63b2eecea2758
INGENIERIA EN CIENCIAS Y SISTEMAS,"2010","12",M,GUATEMALA,"1986","2004","71","1b8a132dcca63529f5a9012c7381702d"
INGENIERIA CIVIL,"2010","12",M,GUATEMALA,"1985","2003","68",fae7bfe06b508dc5c9eb470b4eb6cae0
